configuration,inputModel,defaultPersuadedAudienceMembers,mdeo-runtime,mdeo-persuadedAudienceMembers,mdeo-arguments-put-forward,mdeo-average-hypervolume,mdeo-knee-point,ra-runtime,ra-persuadedAudienceMembers,ra-arguments-put-forward,ra-hypervolume,ra-knee-point
configuration-2,PF-Tree-12-args-Audience-5-Members-PAF-size-7-args.xmi,1.0,00:00:56.330,2.4,1.2,0.55,0,00:00:00.009069,1.1,5.81,0.3515151515151515,0
configuration-2,PF-Ladder-101-args-Audience-10-Members-PAF-size-27-args.xmi,7.0,00:02:04.191,8.25,0.55,0.799009900990099,0,00:00:00.048180,2.77,51.39,0.0,0
configuration-2,PF-Tree-52-args-Audience-5-Members-PAF-size-27-args.xmi,0.0,00:00:57.057,1.9,1.9,0.5580769230769229,0,00:00:00.010748,0.17,23.85,0.2797202797202798,0
configuration-2,PF-Ladder-51-args-Audience-100-Members-PAF-size-27-args.xmi,38.0,00:42:54.463,60.18833333333333,2.15,0.507843137254902,0,00:00:00.195430,16.72,24.46,0.36825311942959,0
configuration-2,PF-Cycle-101-args-Audience-50-Members-PAF-size-52-args.xmi,0.0,00:12:08.240,0.0,0.0,0.0,0,00:00:00.130520,0.0,51.28,0.0,0
configuration-2,PF-Cycle-51-args-Audience-10-Members-PAF-size-14-args.xmi,0.0,00:01:47.424,0.0,0.0,0.0,0,00:00:00.041930,0.0,26.59,0.0,0
configuration-2,PF-Ladder-201-args-Audience-10-Members-PAF-size-152-args.xmi,3.0,00:04:54.163,3.85,0.55,0.39950248756218903,0,00:00:00.066679,1.72,97.58,0.0,0
configuration-2,PF-Cycle-201-args-Audience-50-Members-PAF-size-52-args.xmi,0.0,00:13:34.642,0.0,0.0,0.0,0,00:00:00.153610,0.0,104.28,0.0,0
configuration-2,PF-Cycle-51-args-Audience-1-Members-PAF-size-40-args.xmi,0.0,00:00:15.925,0.0,0.0,0.0,0,00:00:00.003510,0.0,24.93,0.0,0
configuration-2,PF-Tree-202-args-Audience-10-Members-PAF-size-153-args.xmi,1.0,00:04:47.408,5.1049999999999995,2.32,0.5655940594059405,0,00:00:00.049900,2.11,102.24,0.4569306930693069,0
configuration-2,PF-Ladder-51-args-Audience-10-Members-PAF-size-14-args.xmi,8.0,00:01:53.137,9.35,0.55,0.8980392156862745,0,00:00:00.041101,3.41,26.06,0.47379679144385034,0
configuration-2,PF-Ladder-11-args-Audience-2-Members-PAF-size-10-args.xmi,1.0,00:00:22.109,1.0,0.0,0.0,0,00:00:00.004089,0.53,5.44,0.4090909090909091,0
configuration-2,PF-Cycle-101-args-Audience-10-Members-PAF-size-77-args.xmi,0.0,00:02:53.721,0.0,0.0,0.0,0,00:00:00.054601,0.0,46.7,0.0,0
configuration-2,PF-Tree-22-args-Audience-5-Members-PAF-size-18-args.xmi,4.0,00:00:54.021,4.0,0.0,0.0,0,00:00:00.030760,1.81,11.64,0.29090909090909095,0
configuration-2,PF-Ladder-51-args-Audience-5-Members-PAF-size-27-args.xmi,1.0,00:00:58.217,1.65,0.55,0.396078431372549,0,00:00:00.035959,0.55,25.47,0.22745098039215686,0
configuration-2,PF-Ladder-21-args-Audience-5-Members-PAF-size-12-args.xmi,1.0,00:00:52.850,2.4,1.2,0.5714285714285714,0,00:00:00.010201,0.81,9.9,0.39220779220779217,0
configuration-2,PF-Cycle-11-args-Audience-5-Members-PAF-size-4-args.xmi,2.0,00:00:50.390,2.4,0.4,0.1690909090909091,0,00:00:00.009960,0.65,4.29,0.29090909090909095,0
configuration-2,PF-Ladder-11-args-Audience-5-Members-PAF-size-7-args.xmi,3.0,00:00:51.282,3.85,0.55,0.781818181818182,0,00:00:00.009550,1.71,4.81,0.606611570247934,0
configuration-2,PF-Cycle-51-args-Audience-10-Members-PAF-size-40-args.xmi,0.0,00:02:05.438,0.0,0.0,0.0,0,00:00:00.044750,0.0,21.72,0.0,0
configuration-2,PF-Ladder-11-args-Audience-2-Members-PAF-size-7-args.xmi,1.0,00:00:22.366,1.0,0.0,0.0,0,00:00:00.003740,0.5,5.07,0.2727272727272727,0
configuration-2,PF-Tree-12-args-Audience-2-Members-PAF-size-10-args.xmi,0.0,00:00:23.743,0.0,0.0,0.0,0,00:00:00.003899,0.0,5.15,0.0,0
configuration-2,PF-Tree-102-args-Audience-10-Members-PAF-size-78-args.xmi,6.0,00:02:43.394,9.366666666666667,1.35,0.9250980392156863,0,00:00:00.046599,7.75,50.0,0.7940285204991088,0
configuration-2,PF-Cycle-11-args-Audience-1-Members-PAF-size-4-args.xmi,0.0,00:00:11.362,0.55,0.55,0.909090909090909,0,00:00:00.031263,0.01,5.58,0.4958677685950413,0
configuration-2,PF-Ladder-51-args-Audience-2-Members-PAF-size-14-args.xmi,0.0,00:00:23.370,1.1,0.55,0.980392156862745,0,00:00:00.005109,0.28,23.28,0.17825311942959002,0
configuration-2,PF-Ladder-51-args-Audience-1-Members-PAF-size-14-args.xmi,1.0,00:00:12.947,1.0,0.0,0.0,0,00:00:00.002695,0.46,24.96,0.2727272727272727,0
configuration-2,PF-Tree-102-args-Audience-50-Members-PAF-size-27-args.xmi,25.0,00:10:01.870,46.491666666666674,3.2,0.693921568627451,0,00:00:00.102570,13.31,48.34,0.5207664884135471,0
configuration-2,PF-Ladder-101-args-Audience-100-Members-PAF-size-52-args.xmi,43.0,00:44:42.485,55.88333333333334,1.15,0.4883267326732673,0,00:00:00.203641,21.26,48.87,0.34349234923492344,0
configuration-2,PF-Tree-202-args-Audience-10-Members-PAF-size-52-args.xmi,4.0,00:02:42.723,9.186666666666666,2.5,0.8356930693069307,0,00:00:00.050570,1.29,113.19,0.6047704770477048,0
configuration-2,PF-Ladder-201-args-Audience-50-Members-PAF-size-102-args.xmi,19.0,00:17:51.906,26.558333333333337,1.15,0.4892935323383084,0,00:00:00.152091,10.27,87.49,0.3887652645861601,0
configuration-2,PF-Ladder-21-args-Audience-2-Members-PAF-size-17-args.xmi,0.0,00:00:22.641,0.0,0.0,0.0,0,00:00:00.005038,0.0,9.14,0.0,0
configuration-2,PF-Tree-12-args-Audience-1-Members-PAF-size-7-args.xmi,1.0,00:00:11.523,1.0,0.0,0.0,0,00:00:00.002075,0.5,4.65,0.9090909090909091,0
configuration-2,PF-Tree-22-args-Audience-2-Members-PAF-size-18-args.xmi,1.0,00:00:22.769,1.0,0.0,0.0,0,00:00:00.004769,0.56,9.92,0.17355371900826447,0
configuration-2,PF-Ladder-51-args-Audience-10-Members-PAF-size-40-args.xmi,0.0,00:02:07.387,0.0,0.0,0.0,0,00:00:00.047942,0.06,24.53,0.013903743315508017,0
configuration-2,PF-Tree-22-args-Audience-2-Members-PAF-size-7-args.xmi,1.0,00:00:22.669,1.0,0.0,0.0,0,00:00:00.004259,0.37,10.77,0.3181818181818182,0
configuration-2,PF-Cycle-11-args-Audience-1-Members-PAF-size-7-args.xmi,0.0,00:00:11.647,0.0,0.0,0.0,0,00:00:00.002294,0.0,5.11,0.0,0
configuration-2,PF-Cycle-51-args-Audience-2-Members-PAF-size-40-args.xmi,0.0,00:00:28.191,0.0,0.0,0.0,0,00:00:00.006131,0.0,27.73,0.0,0
configuration-2,PF-Tree-52-args-Audience-100-Members-PAF-size-14-args.xmi,36.0,00:55:20.731,83.95333333333333,3.7,0.691076923076923,0,00:00:00.178081,18.15,25.14,0.42066433566433564,0
configuration-2,PF-Ladder-101-args-Audience-100-Members-PAF-size-27-args.xmi,53.0,00:40:41.843,84.42500000000001,1.8,0.7164356435643564,0,00:00:00.210810,25.73,48.97,0.6011701170117011,0
configuration-2,PF-Tree-52-args-Audience-100-Members-PAF-size-27-args.xmi,17.0,01:21:18.781,50.749999999999986,3.75,0.42826923076923074,0,00:00:00.185820,12.2,22.82,0.31433566433566434,0
configuration-2,PF-Tree-102-args-Audience-10-Members-PAF-size-52-args.xmi,7.0,00:02:15.867,9.55,1.15,0.8872549019607842,0,00:00:00.046910,3.5,53.11,0.48475935828877004,0
configuration-2,PF-Cycle-51-args-Audience-5-Members-PAF-size-40-args.xmi,0.0,00:01:04.645,0.0,0.0,0.0,0,00:00:00.043120,0.0,25.35,0.0,0
configuration-2,PF-Ladder-51-args-Audience-10-Members-PAF-size-27-args.xmi,3.0,00:01:57.963,4.4,0.55,0.4960784313725489,0,00:00:00.041231,1.45,25.51,0.08698752228163993,0
configuration-2,PF-Ladder-11-args-Audience-1-Members-PAF-size-7-args.xmi,0.0,00:00:11.621,0.55,0.55,0.909090909090909,0,00:00:00.002264,0.08,4.99,0.6694214876033058,0
configuration-2,PF-Cycle-51-args-Audience-50-Members-PAF-size-40-args.xmi,0.0,00:10:41.938,0.0,0.0,0.0,0,00:00:00.124771,0.0,23.83,0.0,0
configuration-2,PF-Cycle-21-args-Audience-2-Members-PAF-size-7-args.xmi,0.0,00:00:21.913,0.0,0.0,0.0,0,00:00:00.004789,0.0,9.42,0.0,0
configuration-2,PF-Cycle-101-args-Audience-100-Members-PAF-size-52-args.xmi,0.0,00:37:20.079,0.0,0.0,0.0,0,00:00:00.208389,0.0,46.58,0.0,0
configuration-2,PF-Cycle-201-args-Audience-10-Members-PAF-size-152-args.xmi,0.0,00:05:04.380,0.0,0.0,0.0,0,00:00:00.057419,0.0,95.88,0.0,0
configuration-2,PF-Tree-102-args-Audience-10-Members-PAF-size-27-args.xmi,7.0,00:01:58.277,8.25,0.55,0.7990196078431373,0,00:00:00.047142,2.56,50.71,0.0,0
configuration-2,PF-Tree-22-args-Audience-2-Members-PAF-size-12-args.xmi,0.0,00:00:22.130,1.2,1.2,0.9318181818181819,0,00:00:00.004029,0.52,10.18,0.7128099173553718,0
configuration-2,PF-Ladder-11-args-Audience-1-Members-PAF-size-10-args.xmi,0.0,00:00:12.798,0.0,0.0,0.0,0,00:00:00.002334,0.0,4.75,0.0,0
configuration-2,PF-Cycle-201-args-Audience-100-Members-PAF-size-152-args.xmi,0.0,00:48:13.326,0.0,0.0,0.0,0,00:00:00.278130,0.0,109.08,0.0,0
configuration-2,PF-Tree-102-args-Audience-100-Members-PAF-size-78-args.xmi,17.0,00:48:29.369,27.40833333333333,1.85,0.23599999999999993,0,00:00:00.208661,7.32,49.3,0.17831550802139035,0
configuration-2,PF-Cycle-51-args-Audience-10-Members-PAF-size-27-args.xmi,0.0,00:01:59.399,0.0,0.0,0.0,0,00:00:00.047170,0.0,22.39,0.0,0
configuration-2,PF-Cycle-201-args-Audience-50-Members-PAF-size-102-args.xmi,0.0,00:18:39.303,0.0,0.0,0.0,0,00:00:00.145321,0.0,102.1,0.0,0
configuration-2,PF-Ladder-201-args-Audience-100-Members-PAF-size-102-args.xmi,39.0,00:40:37.451,66.88333333333334,2.45,0.5238507462686567,0,00:00:00.235580,21.61,97.72,0.43281772953414743,0
configuration-2,PF-Tree-22-args-Audience-1-Members-PAF-size-12-args.xmi,0.0,00:00:11.969,0.0,0.0,0.0,0,00:00:00.002143,0.0,9.89,0.0,0
configuration-2,PF-Ladder-101-args-Audience-50-Members-PAF-size-52-args.xmi,20.0,00:11:43.881,31.791666666666664,2.15,0.5702970297029704,0,00:00:00.134810,11.15,47.49,0.4652025202520252,0
configuration-2,PF-Cycle-11-args-Audience-2-Members-PAF-size-10-args.xmi,0.0,00:00:22.980,0.0,0.0,0.0,0,00:00:00.005861,0.0,5.04,0.0,0
configuration-2,PF-Cycle-21-args-Audience-5-Members-PAF-size-7-args.xmi,1.0,00:00:51.377,1.05,0.1,0.0380952380952381,0,00:00:00.035229,0.15,10.18,0.09090909090909088,0
configuration-2,PF-Tree-102-args-Audience-100-Members-PAF-size-27-args.xmi,25.0,00:53:09.665,56.15333333333334,4.45,0.41730392156862745,0,00:00:00.188830,4.77,47.68,0.16989304812834227,0
configuration-2,PF-Cycle-51-args-Audience-1-Members-PAF-size-27-args.xmi,0.0,00:00:14.917,0.0,0.0,0.0,0,00:00:00.002913,0.0,28.8,0.0,0
configuration-2,PF-Tree-52-args-Audience-5-Members-PAF-size-40-args.xmi,0.0,00:01:02.198,0.0,0.0,0.0,0,00:00:00.029831,0.0,26.05,0.0,0
configuration-2,PF-Tree-52-args-Audience-5-Members-PAF-size-14-args.xmi,4.0,00:00:54.317,4.95,0.55,0.996153846153846,0,00:00:00.010870,4.34,25.51,0.708041958041958,0
configuration-2,PF-Cycle-51-args-Audience-5-Members-PAF-size-14-args.xmi,0.0,00:00:54.851,0.0,0.0,0.0,0,00:00:00.011738,0.0,23.65,0.0,0
configuration-2,PF-Ladder-101-args-Audience-100-Members-PAF-size-77-args.xmi,13.0,00:40:39.866,28.329999999999995,2.7299999999999995,0.24003960396039603,0,00:00:00.224480,7.22,56.89,0.17407740774077404,0
configuration-2,PF-Tree-52-args-Audience-10-Members-PAF-size-27-args.xmi,5.0,00:01:56.082,6.05,0.55,0.598076923076923,0,00:00:00.049391,2.32,27.52,0.4279720279720279,0
configuration-2,PF-Cycle-51-args-Audience-2-Members-PAF-size-27-args.xmi,0.0,00:00:25.100,0.0,0.0,0.0,0,00:00:00.005509,0.0,25.83,0.0,0
configuration-2,PF-Cycle-21-args-Audience-5-Members-PAF-size-17-args.xmi,0.0,00:00:57.686,0.0,0.0,0.0,0,00:00:00.012338,0.0,9.8,0.0,0
configuration-2,PF-Ladder-21-args-Audience-1-Members-PAF-size-7-args.xmi,1.0,00:00:11.927,1.0,0.0,0.0,0,00:00:00.002254,0.42,9.21,0.8181818181818182,0
configuration-2,PF-Cycle-51-args-Audience-100-Members-PAF-size-27-args.xmi,0.0,00:40:42.800,0.0,0.0,0.0,0,00:00:00.206800,0.0,24.22,0.0,0
configuration-2,PF-Cycle-11-args-Audience-2-Members-PAF-size-7-args.xmi,0.0,00:00:22.431,0.0,0.0,0.0,0,00:00:00.004118,0.0,5.01,0.0,0
configuration-2,PF-Cycle-101-args-Audience-100-Members-PAF-size-27-args.xmi,0.0,00:37:25.262,0.0,0.0,0.0,0,00:00:00.205630,0.0,48.29,0.0,0
configuration-2,PF-Tree-12-args-Audience-5-Members-PAF-size-10-args.xmi,0.0,00:00:55.113,0.55,0.55,0.1833333333333333,0,00:00:00.033881,0.16,5.07,0.1212121212121212,0
configuration-2,PF-Ladder-51-args-Audience-2-Members-PAF-size-40-args.xmi,2.0,00:00:26.767,2.0,0.0,0.0,0,00:00:00.005782,1.08,23.95,0.445632798573975,0
configuration-2,PF-Tree-12-args-Audience-2-Members-PAF-size-4-args.xmi,0.0,00:00:21.127,1.2,1.2,0.875,0,00:00:00.032360,0.51,5.82,0.6742424242424242,0
configuration-2,PF-Tree-52-args-Audience-2-Members-PAF-size-27-args.xmi,2.0,00:00:24.254,2.0,0.0,0.0,0,00:00:00.004518,2.0,24.74,0.09090909090909091,0
configuration-2,PF-Ladder-51-args-Audience-1-Members-PAF-size-27-args.xmi,1.0,00:00:13.648,1.0,0.0,0.0,0,00:00:00.031446,0.37,25.76,0.0,0
configuration-2,PF-Cycle-201-args-Audience-10-Members-PAF-size-52-args.xmi,0.0,00:02:41.087,0.0,0.0,0.0,0,00:00:00.052699,0.0,98.63,0.0,0
configuration-2,PF-Tree-102-args-Audience-100-Members-PAF-size-52-args.xmi,53.0,00:49:21.076,108.29166666666666,3.7,0.831970588235294,0,00:00:00.197420,30.04,50.49,0.5298484848484848,0
configuration-2,PF-Cycle-11-args-Audience-1-Members-PAF-size-10-args.xmi,0.0,00:00:13.537,0.0,0.0,0.0,0,00:00:00.002405,0.0,5.59,0.0,0
configuration-2,PF-Tree-22-args-Audience-5-Members-PAF-size-12-args.xmi,3.0,00:00:52.865,3.95,0.7166666666666666,0.8254545454545454,0,00:00:00.010710,4.1,11.18,0.7413223140495867,0
configuration-2,PF-Ladder-21-args-Audience-5-Members-PAF-size-17-args.xmi,1.0,00:00:56.498,1.0,0.0,0.0,0,00:00:00.012310,0.44,10.18,0.10909090909090907,0
configuration-2,PF-Ladder-21-args-Audience-1-Members-PAF-size-17-args.xmi,0.0,00:00:12.842,0.0,0.0,0.0,0,00:00:00.022794,0.0,10.64,0.0,0
configuration-2,PF-Cycle-51-args-Audience-5-Members-PAF-size-27-args.xmi,0.0,00:00:58.904,0.0,0.0,0.0,0,00:00:00.013928,0.0,24.87,0.0,0
configuration-2,PF-Cycle-101-args-Audience-50-Members-PAF-size-27-args.xmi,0.0,00:10:46.001,0.0,0.0,0.0,0,00:00:00.121191,0.0,47.09,0.0,0
configuration-2,PF-Cycle-51-args-Audience-50-Members-PAF-size-14-args.xmi,0.0,00:08:38.131,0.0,0.0,0.0,0,00:00:00.111001,0.0,25.63,0.0,0
configuration-2,PF-Ladder-51-args-Audience-50-Members-PAF-size-27-args.xmi,18.0,00:09:37.718,31.470000000000006,2.7,0.5096470588235296,0,00:00:00.111280,7.75,27.41,0.27992869875222814,0
configuration-2,PF-Cycle-21-args-Audience-5-Members-PAF-size-12-args.xmi,0.0,00:00:53.298,0.0,0.0,0.0,0,00:00:00.010959,0.0,8.99,0.0,0
configuration-2,PF-Cycle-11-args-Audience-5-Members-PAF-size-7-args.xmi,0.0,00:00:52.812,0.0,0.0,0.0,0,00:00:00.009739,0.0,5.18,0.0,0
configuration-2,PF-Tree-52-args-Audience-1-Members-PAF-size-14-args.xmi,1.0,00:00:13.659,1.0,0.0,0.0,0,00:00:00.002464,0.33,24.98,0.0,0
configuration-2,PF-Tree-202-args-Audience-100-Members-PAF-size-102-args.xmi,26.0,00:50:48.087,69.57599206349207,4.75,0.5468267326732674,0,00:00:00.231541,14.13,100.79,0.36211071107110715,0
configuration-2,PF-Ladder-51-args-Audience-50-Members-PAF-size-14-args.xmi,34.0,00:09:09.736,45.6,1.2,0.8164705882352943,0,00:00:00.107371,18.07,25.81,0.6834581105169342,0
configuration-2,PF-Cycle-21-args-Audience-1-Members-PAF-size-17-args.xmi,0.0,00:00:12.407,0.0,0.0,0.0,0,00:00:00.002694,0.0,11.23,0.0,0
configuration-2,PF-Cycle-201-args-Audience-50-Members-PAF-size-152-args.xmi,0.0,00:24:33.267,0.0,0.0,0.0,0,00:00:00.162149,0.0,109.8,0.0,0
configuration-2,PF-Tree-202-args-Audience-10-Members-PAF-size-102-args.xmi,4.0,00:03:33.881,7.621666666666667,1.55,0.8460891089108911,0,00:00:00.026150,6.71,96.22,0.7941044104410441,0
configuration-2,PF-Ladder-201-args-Audience-10-Members-PAF-size-102-args.xmi,4.0,00:03:38.608,4.0,0.0,0.0,0,00:00:00.051990,1.91,95.87,0.1676164631388512,0
configuration-2,PF-Tree-52-args-Audience-10-Members-PAF-size-14-args.xmi,1.0,00:01:44.931,3.2,1.2,0.39230769230769236,0,00:00:00.021362,0.82,26.08,0.2931818181818182,0
configuration-2,PF-Tree-52-args-Audience-2-Members-PAF-size-40-args.xmi,0.0,00:00:28.158,0.0,0.0,0.0,0,00:00:00.005039,0.0,23.63,0.0,0
configuration-2,PF-Cycle-101-args-Audience-50-Members-PAF-size-77-args.xmi,0.0,00:13:29.403,0.0,0.0,0.0,0,00:00:00.130711,0.0,48.31,0.0,0
configuration-2,PF-Ladder-51-args-Audience-2-Members-PAF-size-27-args.xmi,1.0,00:00:25.568,1.0,0.0,0.0,0,00:00:00.004809,0.52,25.9,0.1336898395721925,0
configuration-2,PF-Ladder-201-args-Audience-100-Members-PAF-size-152-args.xmi,19.0,00:48:36.870,31.23333333333333,2.05,0.2416019900497512,0,00:00:00.290909,10.25,94.04,0.145906829488919,0
configuration-2,PF-Cycle-101-args-Audience-100-Members-PAF-size-77-args.xmi,0.0,00:37:29.305,0.0,0.0,0.0,0,00:00:00.231191,0.0,51.36,0.0,0
configuration-2,PF-Ladder-51-args-Audience-100-Members-PAF-size-40-args.xmi,20.0,00:41:44.444,44.54611111111111,5.45,0.2933137254901961,0,00:00:00.185709,10.0,25.88,0.06636363636363636,0
configuration-2,PF-Tree-52-args-Audience-50-Members-PAF-size-40-args.xmi,16.0,00:30:13.480,18.15,0.55,0.3396153846153846,0,00:00:00.123711,8.63,25.87,0.05332167832167831,0
configuration-2,PF-Ladder-11-args-Audience-2-Members-PAF-size-4-args.xmi,2.0,00:00:22.996,2.0,0.0,0.0,0,00:00:00.003961,0.97,5.19,0.6363636363636364,0
configuration-2,PF-Tree-202-args-Audience-50-Members-PAF-size-52-args.xmi,16.0,00:32:02.664,35.59809523809524,3.85,0.6054455445544555,0,00:00:00.125950,6.63,105.07,0.49540054005400547,0
configuration-2,PF-Ladder-101-args-Audience-10-Members-PAF-size-77-args.xmi,2.0,00:03:00.482,4.333333333333334,1.45,0.5435643564356436,0,00:00:00.049700,1.19,52.15,0.3531953195319532,0
configuration-2,PF-Ladder-201-args-Audience-10-Members-PAF-size-52-args.xmi,6.0,00:02:46.478,9.5,1.7,0.8477611940298508,0,00:00:00.063469,3.19,101.7,0.7100407055630936,0
configuration-2,PF-Ladder-51-args-Audience-100-Members-PAF-size-14-args.xmi,57.0,00:51:10.634,76.00000000000001,1.2,0.6866666666666666,0,00:00:00.186470,28.56,23.47,0.5933155080213903,0
configuration-2,PF-Cycle-101-args-Audience-10-Members-PAF-size-52-args.xmi,0.0,00:02:25.885,0.0,0.0,0.0,0,00:00:00.049639,0.0,49.8,0.0,0
configuration-2,PF-Tree-102-args-Audience-50-Members-PAF-size-78-args.xmi,12.0,00:12:48.720,13.75,0.55,0.25980392156862747,0,00:00:00.121651,6.44,50.46,0.06647058823529411,0
configuration-2,PF-Ladder-11-args-Audience-1-Members-PAF-size-4-args.xmi,0.0,00:00:11.455,0.55,0.55,0.909090909090909,0,00:00:00.002204,0.2,5.39,0.5950413223140496,0
configuration-2,PF-Tree-52-args-Audience-2-Members-PAF-size-14-args.xmi,0.0,00:00:23.392,0.55,0.55,0.4903846153846153,0,00:00:00.005029,0.16,25.69,0.08041958041958042,0
configuration-2,PF-Ladder-201-args-Audience-50-Members-PAF-size-152-args.xmi,11.0,00:23:53.002,11.1,0.16666666666666669,0.02595024875621891,0,00:00:00.162009,4.87,107.12,0.0,0
configuration-2,PF-Tree-12-args-Audience-1-Members-PAF-size-10-args.xmi,0.0,00:00:11.992,0.0,0.0,0.0,0,00:00:00.002234,0.0,5.32,0.0,0
configuration-2,PF-Tree-22-args-Audience-1-Members-PAF-size-18-args.xmi,1.0,00:00:16.730,1.0,0.0,0.0,0,00:00:00.002375,0.25,10.98,0.5454545454545454,0
configuration-2,PF-Tree-202-args-Audience-100-Members-PAF-size-153-args.xmi,6.0,01:00:49.222,12.863333333333333,2.35,0.11055445544554454,0,00:00:00.236820,2.02,106.76,0.0,0
configuration-2,PF-Ladder-101-args-Audience-50-Members-PAF-size-77-args.xmi,15.0,00:14:15.290,21.6,2.1,0.36457425742574256,0,00:00:00.125660,6.74,48.67,0.2128352835283528,0
configuration-2,PF-Ladder-101-args-Audience-50-Members-PAF-size-27-args.xmi,32.0,00:10:24.913,50.29999999999999,1.5,0.8397623762376238,0,00:00:00.115051,15.84,49.14,0.6643744374437444,0
configuration-2,PF-Cycle-11-args-Audience-5-Members-PAF-size-10-args.xmi,0.0,00:00:58.318,0.0,0.0,0.0,0,00:00:00.036692,0.0,4.7,0.0,0
configuration-2,PF-Cycle-101-args-Audience-10-Members-PAF-size-27-args.xmi,0.0,00:02:09.218,0.0,0.0,0.0,0,00:00:00.047041,0.0,51.56,0.0,0
configuration-2,PF-Ladder-201-args-Audience-50-Members-PAF-size-52-args.xmi,33.0,00:13:07.437,40.39999999999999,0.85,0.7912835820895523,0,00:00:00.139560,15.66,107.15,0.6243057440072366,0
configuration-2,PF-Tree-52-args-Audience-50-Members-PAF-size-27-args.xmi,33.0,00:43:01.610,46.8,1.95,0.7753846153846153,0,00:00:00.114310,17.34,27.07,0.6522377622377622,0
configuration-2,PF-Cycle-51-args-Audience-2-Members-PAF-size-14-args.xmi,0.0,00:00:25.850,0.0,0.0,0.0,0,00:00:00.005472,0.0,23.65,0.0,0
configuration-2,PF-Ladder-21-args-Audience-1-Members-PAF-size-12-args.xmi,0.0,00:00:13.082,0.0,0.0,0.0,0,00:00:00.002375,0.0,9.41,0.0,0
configuration-2,PF-Ladder-21-args-Audience-2-Members-PAF-size-7-args.xmi,1.0,00:00:21.464,1.65,0.55,0.976190476190476,0,00:00:00.004101,0.52,10.66,0.3203463203463203,0
configuration-2,PF-Tree-202-args-Audience-50-Members-PAF-size-102-args.xmi,8.0,00:18:06.693,15.675,2.5,0.27482178217821784,0,00:00:00.130660,3.02,97.01,0.121998199819982,0
configuration-2,PF-Cycle-51-args-Audience-50-Members-PAF-size-27-args.xmi,0.0,00:09:48.825,0.0,0.0,0.0,0,00:00:00.111950,0.0,22.32,0.0,0
configuration-2,PF-Cycle-11-args-Audience-2-Members-PAF-size-4-args.xmi,0.0,00:00:21.097,0.55,0.55,0.4545454545454545,0,00:00:00.004268,0.04,5.21,0.11157024793388427,0
configuration-2,PF-Cycle-201-args-Audience-10-Members-PAF-size-102-args.xmi,0.0,00:03:43.867,0.0,0.0,0.0,0,00:00:00.055400,0.0,96.34,0.0,0
configuration-2,PF-Tree-22-args-Audience-5-Members-PAF-size-7-args.xmi,2.0,00:00:53.897,2.0,0.0,0.0,0,00:00:00.039750,0.44,10.48,0.18181818181818182,0
configuration-2,PF-Tree-52-args-Audience-100-Members-PAF-size-40-args.xmi,1.0,01:32:26.316,1.0,0.0,0.0,0,00:00:00.191340,0.33,24.33,0.00454545454545455,0
configuration-2,PF-Tree-52-args-Audience-1-Members-PAF-size-27-args.xmi,0.0,00:00:13.365,0.0,0.0,0.0,0,00:00:00.002563,0.0,23.26,0.0,0
configuration-2,PF-Cycle-201-args-Audience-100-Members-PAF-size-102-args.xmi,0.0,00:38:32.879,0.0,0.0,0.0,0,00:00:00.275021,0.0,112.55,0.0,0
configuration-2,PF-Tree-52-args-Audience-1-Members-PAF-size-40-args.xmi,0.0,00:00:14.205,0.0,0.0,0.0,0,00:00:00.002533,0.0,25.19,0.0,0
configuration-2,PF-Cycle-201-args-Audience-100-Members-PAF-size-52-args.xmi,0.0,00:38:32.021,0.0,0.0,0.0,0,00:00:00.241540,0.0,94.7,0.0,0
configuration-2,PF-Tree-102-args-Audience-50-Members-PAF-size-52-args.xmi,2.0,00:12:17.300,5.05,2.45,0.11800000000000002,0,00:00:00.115160,0.7,51.0,0.058787878787878764,0
configuration-2,PF-Tree-22-args-Audience-1-Members-PAF-size-7-args.xmi,1.0,00:00:12.284,1.0,0.0,0.0,0,00:00:00.002345,0.12,12.51,0.18181818181818182,0
configuration-2,PF-Ladder-21-args-Audience-2-Members-PAF-size-12-args.xmi,2.0,00:00:24.340,2.0,0.0,0.0,0,00:00:00.004578,0.92,9.37,0.7272727272727273,0
configuration-2,PF-Cycle-21-args-Audience-2-Members-PAF-size-17-args.xmi,0.0,00:00:24.853,0.0,0.0,0.0,0,00:00:00.004730,0.0,9.75,0.0,0
configuration-2,PF-Tree-202-args-Audience-100-Members-PAF-size-52-args.xmi,15.0,01:01:31.241,49.59420634920635,4.05,0.47037623762376246,0,00:00:00.221420,2.87,102.59,0.221962196219622,0
configuration-2,PF-Ladder-101-args-Audience-10-Members-PAF-size-52-args.xmi,1.0,00:02:24.140,2.75,0.55,0.39702970297029705,0,00:00:00.049881,1.03,54.11,0.20315031503150316,0
configuration-2,PF-Tree-52-args-Audience-10-Members-PAF-size-40-args.xmi,1.0,00:02:09.272,1.65,0.55,0.198076923076923,0,00:00:00.049041,0.37,27.2,0.09405594405594404,0
configuration-2,PF-Ladder-11-args-Audience-5-Members-PAF-size-4-args.xmi,2.0,00:00:50.152,3.3,0.55,0.7636363636363637,0,00:00:00.009421,1.39,5.22,0.6694214876033059,0
configuration-2,PF-Tree-52-args-Audience-50-Members-PAF-size-14-args.xmi,19.0,00:26:40.087,25.2,1.2,0.4576923076923077,0,00:00:00.102641,4.22,25.55,0.2769580419580419,0
configuration-2,PF-Tree-12-args-Audience-5-Members-PAF-size-4-args.xmi,3.0,00:00:53.429,4.4,0.55,0.9666666666666666,0,00:00:00.009769,3.99,6.08,0.703030303030303,0
configuration-2,PF-Ladder-201-args-Audience-100-Members-PAF-size-52-args.xmi,58.0,00:42:48.689,81.69333333333333,1.45,0.7458706467661692,0,00:00:00.236700,26.52,103.27,0.587345092718227,0
configuration-2,PF-Cycle-21-args-Audience-1-Members-PAF-size-7-args.xmi,0.0,00:00:11.759,0.0,0.0,0.0,0,00:00:00.002444,0.0,10.6,0.0,0
configuration-2,PF-Cycle-51-args-Audience-100-Members-PAF-size-14-args.xmi,0.0,00:38:27.813,0.55,0.55,0.00980392156862746,0,00:00:00.196550,0.0,26.32,0.0,0
configuration-2,PF-Cycle-51-args-Audience-100-Members-PAF-size-40-args.xmi,0.0,00:38:28.349,0.0,0.0,0.0,0,00:00:00.209101,0.0,24.81,0.0,0
configuration-2,PF-Cycle-51-args-Audience-1-Members-PAF-size-14-args.xmi,0.0,00:00:15.016,0.0,0.0,0.0,0,00:00:00.002854,0.0,21.97,0.0,0
configuration-2,PF-Cycle-21-args-Audience-2-Members-PAF-size-12-args.xmi,0.0,00:00:24.630,0.55,0.55,0.47619047619047616,0,00:00:00.005159,0.0,10.04,0.0,0
configuration-2,PF-Ladder-51-args-Audience-1-Members-PAF-size-40-args.xmi,1.0,00:00:15.288,1.0,0.0,0.0,0,00:00:00.002833,0.47,25.41,0.0,0
configuration-2,PF-Cycle-21-args-Audience-1-Members-PAF-size-12-args.xmi,0.0,00:00:12.139,0.0,0.0,0.0,0,00:00:00.002494,0.0,9.56,0.0,0
configuration-2,PF-Ladder-51-args-Audience-50-Members-PAF-size-40-args.xmi,10.0,00:10:30.715,14.9,1.9,0.255764705882353,0,00:00:00.116651,5.39,24.61,0.03932263814616755,0
configuration-2,PF-Ladder-21-args-Audience-5-Members-PAF-size-7-args.xmi,5.0,00:00:52.111,5.0,0.0,0.0,0,00:00:00.009741,2.13,10.45,0.0,0
configuration-2,PF-Tree-202-args-Audience-50-Members-PAF-size-153-args.xmi,9.0,00:23:28.055,16.4,2.2,0.3068316831683169,0,00:00:00.142140,3.89,100.69,0.0995049504950495,0
configuration-2,PF-Ladder-11-args-Audience-5-Members-PAF-size-10-args.xmi,0.0,00:00:51.824,0.0,0.0,0.0,0,00:00:00.029379,0.0,5.25,0.0,0
configuration-2,PF-Ladder-51-args-Audience-5-Members-PAF-size-40-args.xmi,0.0,00:01:03.659,0.0,0.0,0.0,0,00:00:00.012378,0.0,25.11,0.0,0
configuration-2,PF-Tree-12-args-Audience-1-Members-PAF-size-4-args.xmi,1.0,00:00:11.087,1.0,0.0,0.0,0,00:00:00.002244,0.88,5.22,0.6363636363636364,0
configuration-2,PF-Ladder-51-args-Audience-5-Members-PAF-size-14-args.xmi,3.0,00:01:00.190,4.4,0.55,0.9921568627450978,0,00:00:00.041189,1.68,23.66,0.2648841354723708,0
configuration-2,PF-Tree-12-args-Audience-2-Members-PAF-size-7-args.xmi,1.0,00:00:23.856,1.3,0.6,0.55,0,00:00:00.003859,0.51,5.9,0.4659090909090909,0
